{
  "net_retry": 1758575373.646037,
  "api_retry": 1758575374.5193079,
  "__stop__": 1758575378.7411556,
  "overload_0": 1758575376.9008167,
  "overload_1": 1758575377.9185982,
  "overload_2": 1758573639.8952277,
  "overload_3": 1758573640.9082594,
  "overload_4": 1758573642.0461376,
  "overload_5": 1758573610.3810616,
  "overload_6": 1758573610.9041452,
  "overload_7": 1758573611.4214084,
  "overload_8": 1758573611.9303074,
  "overload_9": 1758573612.4389358,
  "overload_10": 1758573580.0533996,
  "overload_11": 1758573580.1616058,
  "overload_12": 1758573580.279595,
  "overload_13": 1758573580.4255168,
  "overload_14": 1758573580.5381448,
  "overload_15": 1758573580.6434033,
  "overload_16": 1758573580.7485173,
  "overload_17": 1758573580.959613,
  "overload_18": 1758573581.0655074,
  "overload_19": 1758573581.1731508,
  "overload_20": 1758573188.8688865,
  "overload_21": 1758573188.9268768,
  "overload_22": 1758573188.9851167,
  "overload_23": 1758573189.0595212,
  "overload_24": 1758573189.1149542,
  "overload_25": 1758573189.1707306,
  "overload_26": 1758573189.2363656,
  "overload_27": 1758573189.293415,
  "overload_28": 1758573189.3494492,
  "overload_29": 1758573189.4051766,
  "overload_30": 1758573189.4671917,
  "overload_31": 1758573189.5337584,
  "overload_32": 1758573189.5896025,
  "overload_33": 1758573189.6446028,
  "overload_34": 1758573189.700688,
  "overload_35": 1758573189.7581897,
  "overload_36": 1758573189.8279755,
  "overload_37": 1758573189.889538,
  "overload_38": 1758573189.9497068,
  "overload_39": 1758573190.025399,
  "overload_40": 1758573190.0865066,
  "overload_41": 1758573190.1413317,
  "overload_42": 1758573190.1971967,
  "overload_43": 1758573190.2519705,
  "overload_44": 1758573190.3147485,
  "overload_45": 1758573190.3697374,
  "overload_46": 1758573190.425334,
  "overload_47": 1758573190.4907753,
  "overload_48": 1758573190.5520186,
  "overload_49": 1758573190.6069503,
  "start_trading_daily": 1758574482.639654,
  "dependent_task": 1758574482.7725384,
  "independent_task": 1758574482.7878842
}