{
  "system_health_check": 1758554460.8262203,
  "__stop__": 1758554530.5677335
}