{
  "system_health_check": 1758574546.145106,
  "__stop__": 1758574881.7845685,
  "hourly_status_report": 1758574805.019485
}